{"lgbm": 0.4066133020005501, "rf": 0.5933866979994499, "ridge": 0.0}