{"lgbm": 0.4182805991999835, "rf": 0.5817194008000165, "ridge": 0.0}