{"lgbm": 0.7349182591502347, "rf": 0.2650817408497653, "ridge": 0.0}