{"return_1d": 0.0, "return_5d": 0.0, "return_20d": 0.005647289276813128, "sma_20_deviation": 0.002248203605304422, "volatility_20d": 0.02492261520746966, "volume_ratio": 0.89629133932962, "pe_ratio_trailing": 0.0, "price_to_sales": 0.0, "price_to_book": 0.0, "revenue_growth_yoy": 0.0641682162780718, "gross_margin": 0.33718074656188607, "operating_margin": 0.15457086058371028, "capex_to_revenue": 0.022195318805488296, "debt_to_equity": 0.6532896532896533, "current_ratio": 1.6604138326054272, "insider_cluster_buy_90d": 0.0, "insider_net_value_30d": 0.0, "insider_buy_sell_ratio_90d": 0.0, "congress_net_buy_90d": 0.0080005, "congress_trade_count_90d": 1.0, "sentiment_mean_7d": 0.0, "sentiment_std_7d": 0.0, "article_count_7d": 0.0, "sentiment_momentum_14d": 0.0, "ticker_vs_market_7d": 0.0, "short_vol_ratio_10d": 0.0, "short_vol_ratio_30d": 0.0, "short_ratio_momentum": 0.0, "eps_surprise_last": 0.03924784437263534, "eps_surprise_mean_4q": 0.03924784437263534, "eps_beat_streak": 0.0, "graph_partner_momentum_30d": 0.0, "graph_deal_count_90d": 0.0, "graph_hops_to_hyperscaler": 0.0}