{"return_1d": 0.0009770906793069578, "return_5d": 0.0029792056244903886, "return_20d": 0.013360745345604386, "sma_20_deviation": 0.006993914363199405, "volatility_20d": 0.04066600332396751, "volume_ratio": 0.8288515949349307, "pe_ratio_trailing": 0.0, "price_to_sales": 0.0, "price_to_book": 0.0, "revenue_growth_yoy": 0.0, "gross_margin": 0.37086600750085236, "operating_margin": 0.19561882032049097, "capex_to_revenue": 0.0, "debt_to_equity": 1.2920757507291625, "current_ratio": 1.6473361317403938, "insider_cluster_buy_90d": 0.0, "insider_net_value_30d": 0.0, "insider_buy_sell_ratio_90d": 0.0, "congress_net_buy_90d": 0.0080005, "congress_trade_count_90d": 1.0, "sentiment_mean_7d": 0.0, "sentiment_std_7d": 0.0, "article_count_7d": 0.0, "sentiment_momentum_14d": 0.0, "ticker_vs_market_7d": 0.0, "short_vol_ratio_10d": 0.0, "short_vol_ratio_30d": 0.0, "short_ratio_momentum": 0.0, "eps_surprise_last": 0.0, "eps_surprise_mean_4q": 0.0, "eps_beat_streak": 0.0, "graph_partner_momentum_30d": 0.0, "graph_deal_count_90d": 0.0, "graph_hops_to_hyperscaler": 0.0}