{"lgbm": 0.6855865000511701, "rf": 0.29731233151796027, "ridge": 0.017101168430869812}