{"lgbm": 0.46959979727718143, "rf": 0.5304002027228186, "ridge": 0.0}