{"lgbm": 0.6399010375438335, "rf": 0.36009896245616646, "ridge": 0.0}