{"return_1d": 0.0, "return_5d": 0.003664694615758468, "return_20d": 0.01642838466536989, "sma_20_deviation": 0.007764305769649482, "volatility_20d": 0.04380661514510549, "volume_ratio": 0.8984083377163194, "pe_ratio_trailing": 0.0, "price_to_sales": 0.0, "price_to_book": 0.0, "revenue_growth_yoy": 0.13796753705010587, "gross_margin": 0.8516763848396501, "operating_margin": 0.28130365682620595, "capex_to_revenue": 0.026532782338477955, "debt_to_equity": 0.46809367262207935, "current_ratio": 2.5476274310443867, "insider_cluster_buy_90d": 1.0, "insider_net_value_30d": -24.8875375, "insider_buy_sell_ratio_90d": 0.0, "congress_net_buy_90d": 0.016001, "congress_trade_count_90d": 2.0, "sentiment_mean_7d": 0.0, "sentiment_std_7d": 0.0, "article_count_7d": 0.0, "sentiment_momentum_14d": 0.0, "ticker_vs_market_7d": 0.0, "short_vol_ratio_10d": 0.0, "short_vol_ratio_30d": 0.0, "short_ratio_momentum": 0.0, "eps_surprise_last": 0.0, "eps_surprise_mean_4q": 0.0, "eps_beat_streak": 0.0, "graph_partner_momentum_30d": 0.0, "graph_deal_count_90d": 0.0, "graph_hops_to_hyperscaler": 0.0}