{"return_1d": 0.0, "return_5d": 0.0031901817722195247, "return_20d": 0.013414790027113432, "sma_20_deviation": 0.006849564103051153, "volatility_20d": 0.03900793492581594, "volume_ratio": 0.8943591899400692, "pe_ratio_trailing": 0.0, "price_to_sales": 0.0, "price_to_book": 0.0, "revenue_growth_yoy": 0.08498518082573818, "gross_margin": 0.4661269159718408, "operating_margin": 0.22897570930062597, "capex_to_revenue": 0.024237532988451015, "debt_to_equity": 0.5604770017035775, "current_ratio": 2.5476274310443867, "insider_cluster_buy_90d": 1.0, "insider_net_value_30d": -24.37191, "insider_buy_sell_ratio_90d": 0.0, "congress_net_buy_90d": 0.0080005, "congress_trade_count_90d": 2.0, "sentiment_mean_7d": 0.0, "sentiment_std_7d": 0.0, "article_count_7d": 0.0, "sentiment_momentum_14d": 0.0, "ticker_vs_market_7d": 0.0, "short_vol_ratio_10d": 0.0, "short_vol_ratio_30d": 0.0, "short_ratio_momentum": 0.0, "eps_surprise_last": 0.040414699022821465, "eps_surprise_mean_4q": 0.040414699022821465, "eps_beat_streak": 0.0, "graph_partner_momentum_30d": 0.0, "graph_deal_count_90d": 0.0, "graph_hops_to_hyperscaler": 0.0}