{"lgbm": 0.2437954176790231, "rf": 0.7507603739749051, "ridge": 0.0054442083460718525}