{"lgbm": 0.03654161200005685, "rf": 0.9508797140803276, "ridge": 0.012578673919615365}