{"return_1d": 0.0, "return_5d": 0.0, "return_20d": 0.009708868118972092, "sma_20_deviation": 0.004134183460878793, "volatility_20d": 0.041149900432129675, "volume_ratio": 0.8318852907224011, "pe_ratio_trailing": 0.0, "price_to_sales": 0.0, "price_to_book": 0.0, "revenue_growth_yoy": 0.04750469826686156, "gross_margin": 0.1416126601515059, "operating_margin": 0.013267964001809268, "capex_to_revenue": 0.0034666604924889024, "debt_to_equity": 0.5999176091678526, "current_ratio": 1.469807529388701, "insider_cluster_buy_90d": 0.0, "insider_net_value_30d": 0.0, "insider_buy_sell_ratio_90d": 0.0, "congress_net_buy_90d": 0.0, "congress_trade_count_90d": 0.0, "sentiment_mean_7d": 0.0, "sentiment_std_7d": 0.0, "article_count_7d": 0.0, "sentiment_momentum_14d": 0.0, "ticker_vs_market_7d": 0.0, "short_vol_ratio_10d": 0.0, "short_vol_ratio_30d": 0.0, "short_ratio_momentum": 0.0, "eps_surprise_last": 0.0, "eps_surprise_mean_4q": 0.0, "eps_beat_streak": 0.0, "graph_partner_momentum_30d": 0.0, "graph_deal_count_90d": 0.0, "graph_hops_to_hyperscaler": 0.0}