{"lgbm": 0.3024989961502379, "rf": 0.6975010038497621, "ridge": 0.0}