{"lgbm": 0.3932075408974369, "rf": 0.6067924591025632, "ridge": 0.0}