{"lgbm": 0.42329867664878656, "rf": 0.5767013233512134, "ridge": 0.0}