{"return_1d": 0.0006026612305447543, "return_5d": 0.005144762403987202, "return_20d": 0.022303736414827635, "sma_20_deviation": 0.010847139432447417, "volatility_20d": 0.03017643057452571, "volume_ratio": 0.9076698814615498, "pe_ratio_trailing": 0.0, "price_to_sales": 0.0, "price_to_book": 0.0, "revenue_growth_yoy": 0.17028964943148495, "gross_margin": 0.6836020638503708, "operating_margin": 0.2971580431717106, "capex_to_revenue": 0.12739449805559555, "debt_to_equity": 0.43164194639604475, "current_ratio": 2.5671612459467426, "insider_cluster_buy_90d": 1.0, "insider_net_value_30d": -755.1828784367996, "insider_buy_sell_ratio_90d": 0.0, "congress_net_buy_90d": 3.52022, "congress_trade_count_90d": 380.0, "sentiment_mean_7d": 0.0, "sentiment_std_7d": 0.0, "article_count_7d": 0.0, "sentiment_momentum_14d": 0.0, "ticker_vs_market_7d": 0.0, "short_vol_ratio_10d": 0.0, "short_vol_ratio_30d": 0.0, "short_ratio_momentum": 0.0, "eps_surprise_last": 0.0, "eps_surprise_mean_4q": 0.0, "eps_beat_streak": 0.0, "graph_partner_momentum_30d": 0.0, "graph_deal_count_90d": 0.0, "graph_hops_to_hyperscaler": 0.0}