{"return_1d": 0.0003100380166162209, "return_5d": 0.0034908368316062255, "return_20d": 0.015647235123605663, "sma_20_deviation": 0.007688396835263345, "volatility_20d": 0.027704764141986207, "volume_ratio": 0.9092270498211478, "pe_ratio_trailing": 0.0, "price_to_sales": 0.0, "price_to_book": 0.0, "revenue_growth_yoy": 0.1060308493501335, "gross_margin": 0.5266888778620543, "operating_margin": 0.30543213415508097, "capex_to_revenue": 0.11708141121434605, "debt_to_equity": 0.4827552092053393, "current_ratio": 1.6459933266246491, "insider_cluster_buy_90d": 1.0, "insider_net_value_30d": -773.6287547699993, "insider_buy_sell_ratio_90d": 0.0, "congress_net_buy_90d": 2.688168, "congress_trade_count_90d": 640.0, "sentiment_mean_7d": 0.0, "sentiment_std_7d": 0.0, "article_count_7d": 0.0, "sentiment_momentum_14d": 0.0, "ticker_vs_market_7d": 0.0, "short_vol_ratio_10d": 0.0, "short_vol_ratio_30d": 0.0, "short_ratio_momentum": 0.0, "eps_surprise_last": 0.20097342688618147, "eps_surprise_mean_4q": 0.20097342688618147, "eps_beat_streak": 0.0, "graph_partner_momentum_30d": 0.0, "graph_deal_count_90d": 0.0, "graph_hops_to_hyperscaler": 0.0}