{"lgbm": 0.743623081675215, "rf": 0.1735905989891601, "ridge": 0.08278631933562486}