{"lgbm": 0.7279038717199715, "rf": 0.11118749770707789, "ridge": 0.1609086305729505}