{"lgbm": 0.7071623252936576, "rf": 0.18644670771904479, "ridge": 0.1063909669872976}