{"return_1d": 0.0, "return_5d": 0.003717557345726874, "return_20d": 0.01644055805305189, "sma_20_deviation": 0.008369201315483688, "volatility_20d": 0.041016344214268315, "volume_ratio": 0.9004145075481791, "pe_ratio_trailing": 0.0, "price_to_sales": 0.0, "price_to_book": 0.0, "revenue_growth_yoy": 0.11703090267895307, "gross_margin": 0.5668184755978416, "operating_margin": 0.18800005876562798, "capex_to_revenue": 0.02951615916308612, "debt_to_equity": 0.3125, "current_ratio": 1.8952838391785019, "insider_cluster_buy_90d": 1.0, "insider_net_value_30d": -52.853973581400005, "insider_buy_sell_ratio_90d": 0.0, "congress_net_buy_90d": 0.0080005, "congress_trade_count_90d": 24.0, "sentiment_mean_7d": 0.0, "sentiment_std_7d": 0.0, "article_count_7d": 0.0, "sentiment_momentum_14d": 0.0, "ticker_vs_market_7d": 0.0, "short_vol_ratio_10d": 0.0, "short_vol_ratio_30d": 0.0, "short_ratio_momentum": 0.0, "eps_surprise_last": 0.03021053686519421, "eps_surprise_mean_4q": 0.03021053686519421, "eps_beat_streak": 0.0, "graph_partner_momentum_30d": 0.0, "graph_deal_count_90d": 0.0, "graph_hops_to_hyperscaler": 0.0}