{"return_1d": 0.0, "return_5d": 0.004115226337448652, "return_20d": 0.018118611023712372, "sma_20_deviation": 0.009447193726144443, "volatility_20d": 0.04260064264841745, "volume_ratio": 0.8987511860283746, "pe_ratio_trailing": 0.0, "price_to_sales": 0.0, "price_to_book": 0.0, "revenue_growth_yoy": 0.13234259664588585, "gross_margin": 0.5541544308170668, "operating_margin": 0.1301450411603293, "capex_to_revenue": 0.025945550886168463, "debt_to_equity": 0.1686874137584818, "current_ratio": 2.3954488442931376, "insider_cluster_buy_90d": 1.0, "insider_net_value_30d": -52.46969, "insider_buy_sell_ratio_90d": 0.0, "congress_net_buy_90d": 0.0325005, "congress_trade_count_90d": 30.0, "sentiment_mean_7d": 0.0, "sentiment_std_7d": 0.0, "article_count_7d": 0.0, "sentiment_momentum_14d": 0.0, "ticker_vs_market_7d": 0.0, "short_vol_ratio_10d": 0.0, "short_vol_ratio_30d": 0.0, "short_ratio_momentum": 0.0, "eps_surprise_last": 0.0, "eps_surprise_mean_4q": 0.0, "eps_beat_streak": 0.0, "graph_partner_momentum_30d": 0.0, "graph_deal_count_90d": 0.0, "graph_hops_to_hyperscaler": 0.0}