{"lgbm": 0.2908026560879747, "rf": 0.7091973439120254, "ridge": 0.0}