{"lgbm": 0.13292517790918026, "rf": 0.8670748220908198, "ridge": 0.0}