{"lgbm": 0.18302920142163304, "rf": 0.816970798578367, "ridge": 0.0}