{"return_1d": 0.0006344648426144239, "return_5d": 0.004322390118773001, "return_20d": 0.017747491738656973, "sma_20_deviation": 0.009587133282411342, "volatility_20d": 0.02819862390967055, "volume_ratio": 0.9005739228626432, "pe_ratio_trailing": 0.0, "price_to_sales": 0.0, "price_to_book": 0.0, "revenue_growth_yoy": 0.09914862875630663, "gross_margin": 0.4957517486272292, "operating_margin": 0.21188263441047203, "capex_to_revenue": 2.245503159941663, "debt_to_equity": 1.1214416826003824, "current_ratio": 0.7728115755429867, "insider_cluster_buy_90d": 1.0, "insider_net_value_30d": -25.30078424999999, "insider_buy_sell_ratio_90d": 0.0, "congress_net_buy_90d": 0.1200075, "congress_trade_count_90d": 15.0, "sentiment_mean_7d": 0.0, "sentiment_std_7d": 0.0, "article_count_7d": 0.0, "sentiment_momentum_14d": 0.0, "ticker_vs_market_7d": 0.0, "short_vol_ratio_10d": 0.0, "short_vol_ratio_30d": 0.0, "short_ratio_momentum": 0.0, "eps_surprise_last": 0.0, "eps_surprise_mean_4q": 0.0, "eps_beat_streak": 0.0, "graph_partner_momentum_30d": 0.0, "graph_deal_count_90d": 0.0, "graph_hops_to_hyperscaler": 0.0}