{"return_1d": 0.0004190676659593384, "return_5d": 0.0032281523444636084, "return_20d": 0.014951725539843808, "sma_20_deviation": 0.008016678493751206, "volatility_20d": 0.029350426721894453, "volume_ratio": 0.8988226706164093, "pe_ratio_trailing": 0.0, "price_to_sales": 0.0, "price_to_book": 0.0, "revenue_growth_yoy": 0.07767464582315584, "gross_margin": 0.4959349593495935, "operating_margin": 0.18085662562229818, "capex_to_revenue": 1.8169491525423729, "debt_to_equity": 1.005933886292426, "current_ratio": 1.4525290215588722, "insider_cluster_buy_90d": 1.0, "insider_net_value_30d": -25.439143257, "insider_buy_sell_ratio_90d": 0.0, "congress_net_buy_90d": 0.0720045, "congress_trade_count_90d": 15.0, "sentiment_mean_7d": 0.0, "sentiment_std_7d": 0.0, "article_count_7d": 0.0, "sentiment_momentum_14d": 0.0, "ticker_vs_market_7d": 0.0, "short_vol_ratio_10d": 0.0, "short_vol_ratio_30d": 0.0, "short_ratio_momentum": 0.0, "eps_surprise_last": 0.20817825117761574, "eps_surprise_mean_4q": 0.20817825117761574, "eps_beat_streak": 0.0, "graph_partner_momentum_30d": 0.0, "graph_deal_count_90d": 0.0, "graph_hops_to_hyperscaler": 0.0, "inst_ownership_pct": 17.206561378205773, "inst_net_shares_qoq": 0.00044811634034934704, "inst_holder_count": 72.0, "inst_concentration_top10": 0.7423792256334536, "inst_momentum_2q": 0.056365283303074984}