{"lgbm": 0.6789524424659443, "rf": 0.2705228326268788, "ridge": 0.050524724907177056}