{"lgbm": 0.6858458740956994, "rf": 0.26923975121838745, "ridge": 0.04491437468591326}