{"lgbm": 0.7859600844540441, "rf": 0.21403991554595594, "ridge": 0.0}