{"return_1d": 0.0012909919261754332, "return_5d": 0.005488217405865026, "return_20d": 0.01981356666615408, "sma_20_deviation": 0.010533828613518592, "volatility_20d": 0.038266436425818465, "volume_ratio": 0.8718593503605809, "pe_ratio_trailing": 0.0, "price_to_sales": 0.0, "price_to_book": 0.0, "revenue_growth_yoy": 0.0019402985074626865, "gross_margin": 0.3134788189987163, "operating_margin": 0.029710711493354185, "capex_to_revenue": 0.03350540101328745, "debt_to_equity": 0.9678016284233901, "current_ratio": 0.9028224365844945, "insider_cluster_buy_90d": 1.0, "insider_net_value_30d": -16.057995130000002, "insider_buy_sell_ratio_90d": 0.0, "congress_net_buy_90d": 0.0, "congress_trade_count_90d": 0.0, "sentiment_mean_7d": 0.0, "sentiment_std_7d": 0.0, "article_count_7d": 0.0, "sentiment_momentum_14d": 0.0, "ticker_vs_market_7d": 0.0, "short_vol_ratio_10d": 0.0, "short_vol_ratio_30d": 0.0, "short_ratio_momentum": 0.0, "eps_surprise_last": 0.0, "eps_surprise_mean_4q": 0.0, "eps_beat_streak": 0.0, "graph_partner_momentum_30d": 0.0, "graph_deal_count_90d": 0.0, "graph_hops_to_hyperscaler": 0.0}