{"return_1d": 0.0, "return_5d": 0.0032818345691461026, "return_20d": 0.013888393194985582, "sma_20_deviation": 0.007227659988227275, "volatility_20d": 0.04371219972343045, "volume_ratio": 0.876791168120224, "pe_ratio_trailing": 0.0, "price_to_sales": 0.0, "price_to_book": 0.0, "revenue_growth_yoy": -0.03787278490131105, "gross_margin": 0.24663359319631467, "operating_margin": 0.01350935581687745, "capex_to_revenue": 0.03350540101328745, "debt_to_equity": 0.9532902467685076, "current_ratio": 1.435217594213044, "insider_cluster_buy_90d": 1.0, "insider_net_value_30d": -15.44014095, "insider_buy_sell_ratio_90d": 0.0, "congress_net_buy_90d": 0.16001, "congress_trade_count_90d": 20.0, "sentiment_mean_7d": 0.0, "sentiment_std_7d": 0.0, "article_count_7d": 0.0, "sentiment_momentum_14d": 0.0, "ticker_vs_market_7d": 0.0, "short_vol_ratio_10d": 0.0, "short_vol_ratio_30d": 0.0, "short_ratio_momentum": 0.0, "eps_surprise_last": 0.03776111408677026, "eps_surprise_mean_4q": 0.03776111408677026, "eps_beat_streak": 0.0, "graph_partner_momentum_30d": 0.0, "graph_deal_count_90d": 0.0, "graph_hops_to_hyperscaler": 0.0}