{
  "lgbm": 0.05746891144118765,
  "rf": 0.24445756750990277,
  "ridge": 0.6980735210489095
}