{
  "lgbm": 0.4962744369824216,
  "rf": 0.5037255037403319,
  "ridge": 5.9277246471997563e-08
}