{
  "lgbm": 0.3983117337212626,
  "rf": 0.6016882662787373,
  "ridge": 0.0
}