{
  "return_1d": 0.0001854354376267242,
  "return_5d": 0.004452994132951638,
  "return_20d": 0.0190489543161545,
  "sma_20_deviation": 0.00967481967149375,
  "volatility_20d": 0.037318106497667,
  "volume_ratio": 0.8989068522343098,
  "pe_ratio_trailing": 0.0,
  "price_to_sales": 0.0,
  "price_to_book": 0.0,
  "revenue_growth_yoy": 0.11972430883605668,
  "gross_margin": 0.5741662230498502,
  "operating_margin": 0.1938093734055735,
  "capex_to_revenue": 0.06339074932237475,
  "debt_to_equity": 0.46809367262207935,
  "current_ratio": 2.0744427452615968,
  "insider_cluster_buy_90d": 1.0,
  "insider_net_value_30d": -48.0606,
  "insider_buy_sell_ratio_90d": 0.0,
  "congress_net_buy_90d": 0.128008,
  "congress_trade_count_90d": 33.0,
  "sentiment_mean_7d": 0.0,
  "sentiment_std_7d": 0.0,
  "article_count_7d": 0.0,
  "sentiment_momentum_14d": 0.0,
  "ticker_vs_market_7d": 0.0
}