{"lgbm": 0.9332098327828336, "rf": 0.024522254151001104, "ridge": 0.04226791306616529}