{"lgbm": 0.8857284910907445, "rf": 0.001119789073250621, "ridge": 0.11315171983600486}