{"return_1d": 0.0, "return_5d": 0.0016169166305500804, "return_20d": 0.009264207724208773, "sma_20_deviation": 0.004601019103281367, "volatility_20d": 0.03399110821240105, "volume_ratio": 0.8959208210283974, "pe_ratio_trailing": 0.0, "price_to_sales": 0.0, "price_to_book": 0.0, "revenue_growth_yoy": 0.05125543554495722, "gross_margin": 0.24042842490264738, "operating_margin": 0.14425436947379838, "capex_to_revenue": 0.07406330737294013, "debt_to_equity": 1.0566887417218542, "current_ratio": 2.258498583569405, "insider_cluster_buy_90d": 0.0, "insider_net_value_30d": 0.0, "insider_buy_sell_ratio_90d": 0.0, "congress_net_buy_90d": 0.0, "congress_trade_count_90d": 0.0, "sentiment_mean_7d": 0.0, "sentiment_std_7d": 0.0, "article_count_7d": 0.0, "sentiment_momentum_14d": 0.0, "ticker_vs_market_7d": 0.0, "short_vol_ratio_10d": 0.0, "short_vol_ratio_30d": 0.0, "short_ratio_momentum": 0.0, "eps_surprise_last": 0.0, "eps_surprise_mean_4q": 0.0, "eps_beat_streak": 0.0, "graph_partner_momentum_30d": 0.0, "graph_deal_count_90d": 0.0, "graph_hops_to_hyperscaler": 0.0, "inst_ownership_pct": 15.454788058801022, "inst_net_shares_qoq": -0.0003883626859023078, "inst_holder_count": 52.0, "inst_concentration_top10": 0.751755520675346, "inst_momentum_2q": -0.014641606582617981}