{"lgbm": 0.5150450682904516, "rf": 0.4849549317095484, "ridge": 0.0}