{"lgbm": 0.5249706233093205, "rf": 0.4750293766906795, "ridge": 0.0}