{"return_1d": 0.0, "return_5d": 0.0032787010317942844, "return_20d": 0.013698656384356522, "sma_20_deviation": 0.006908854730329317, "volatility_20d": 0.041478500321592275, "volume_ratio": 0.8780645244437943, "pe_ratio_trailing": 0.0, "price_to_sales": 0.0, "price_to_book": 0.0, "revenue_growth_yoy": 0.06843027622465159, "gross_margin": 0.49455048223645476, "operating_margin": 0.12173982020750627, "capex_to_revenue": 0.028423476674860226, "debt_to_equity": 0.4544099396536037, "current_ratio": 2.8693059833452232, "insider_cluster_buy_90d": 0.0, "insider_net_value_30d": 0.0, "insider_buy_sell_ratio_90d": 0.0, "congress_net_buy_90d": 0.0, "congress_trade_count_90d": 0.0, "sentiment_mean_7d": 0.0, "sentiment_std_7d": 0.0, "article_count_7d": 0.0, "sentiment_momentum_14d": 0.0, "ticker_vs_market_7d": 0.0, "short_vol_ratio_10d": 0.0, "short_vol_ratio_30d": 0.0, "short_ratio_momentum": 0.0, "eps_surprise_last": 0.0, "eps_surprise_mean_4q": 0.0, "eps_beat_streak": 0.0, "graph_partner_momentum_30d": 0.0, "graph_deal_count_90d": 0.0, "graph_hops_to_hyperscaler": 0.0}