{"lgbm": 0.35891081472356484, "rf": 0.6410891852764351, "ridge": 0.0}