{"lgbm": 0.37175020228119393, "rf": 0.6282497977188061, "ridge": 0.0}