{"lgbm": 0.810308526621559, "rf": 0.18724852364222377, "ridge": 0.0024429497362172}