{"return_1d": 0.0, "return_5d": 0.002114049233112203, "return_20d": 0.01001189943149039, "sma_20_deviation": 0.005110991882002369, "volatility_20d": 0.019807845081087783, "volume_ratio": 0.8836479955518599, "pe_ratio_trailing": 0.0, "price_to_sales": 0.0, "price_to_book": 0.0, "revenue_growth_yoy": 0.08134130146082337, "gross_margin": 0.36056963660872055, "operating_margin": 0.20877084620135886, "capex_to_revenue": 0.2296787469989711, "debt_to_equity": 0.9467445152158528, "current_ratio": 1.2751322751322751, "insider_cluster_buy_90d": 2.0, "insider_net_value_30d": -0.20144031999999998, "insider_buy_sell_ratio_90d": 0.42857142857142855, "congress_net_buy_90d": -0.032002, "congress_trade_count_90d": 4.0, "sentiment_mean_7d": 0.0, "sentiment_std_7d": 0.0, "article_count_7d": 0.0, "sentiment_momentum_14d": 0.0, "ticker_vs_market_7d": 0.0, "short_vol_ratio_10d": 0.0, "short_vol_ratio_30d": 0.0, "short_ratio_momentum": 0.0, "eps_surprise_last": 0.27862447582146754, "eps_surprise_mean_4q": 0.27862447582146754, "eps_beat_streak": 0.0, "graph_partner_momentum_30d": 0.0, "graph_deal_count_90d": 0.0, "graph_hops_to_hyperscaler": 0.0}