{"return_1d": 0.0009842353290896444, "return_5d": 0.005384041644500792, "return_20d": 0.022869931480744787, "sma_20_deviation": 0.011196118400925492, "volatility_20d": 0.031038080415608772, "volume_ratio": 0.9090065246673185, "pe_ratio_trailing": 0.0, "price_to_sales": 0.0, "price_to_book": 0.0, "revenue_growth_yoy": -0.010128152128978917, "gross_margin": 0.2985738979082073, "operating_margin": 0.17414909166840675, "capex_to_revenue": 0.10777232013868825, "debt_to_equity": 2.7072229369601177, "current_ratio": 1.1105527638190955, "insider_cluster_buy_90d": 2.0, "insider_net_value_30d": -0.15115158399999998, "insider_buy_sell_ratio_90d": 0.5, "congress_net_buy_90d": 0.0, "congress_trade_count_90d": 0.0, "sentiment_mean_7d": 0.0, "sentiment_std_7d": 0.0, "article_count_7d": 0.0, "sentiment_momentum_14d": 0.0, "ticker_vs_market_7d": 0.0, "short_vol_ratio_10d": 0.0, "short_vol_ratio_30d": 0.0, "short_ratio_momentum": 0.0, "eps_surprise_last": 0.0, "eps_surprise_mean_4q": 0.0, "eps_beat_streak": 0.0, "graph_partner_momentum_30d": 0.0, "graph_deal_count_90d": 0.0, "graph_hops_to_hyperscaler": 0.0}